country,continent,year,lifeExp,pop,gdpPercap
Aruba,Americas,1972,70.941,59461,4939.758007
Aruba,Americas,1977,71.83,59412,7390.359942
Aruba,Americas,1982,74.116,61569,10874.91495
Aruba,Americas,1987,74.494,65415,17674.3389
Aruba,Americas,1992,74.108,67174,25120.54961
Aruba,Americas,1997,73.011,68341,26483.66862
Aruba,Americas,2002,73.451,70441,26467.87062
Aruba,Americas,2007,74.239,72194,27230.67521
