country,continent,year,lifeExp,pop,gdpPercap
Grenada,Americas,1972,64.577,96618,2404.583938
Grenada,Americas,1977,65.035,94280,3439.562709
Grenada,Americas,1982,65.503,92112,3872.355321
Grenada,Americas,1987,66.002,92719,4947.827429
Grenada,Americas,1992,66.469,91487,6098.92279
Grenada,Americas,1997,66.986,90005,6690.021834
Grenada,Americas,2002,67.746,89211,8365.58996
Grenada,Americas,2007,68.724,89971,9148.007954
