country,continent,year,lifeExp,pop,gdpPercap
Brunei,Asia,1972,68.34,141500,54117.15906
Brunei,Asia,1977,69.66,167216,72555.22854
Brunei,Asia,1982,71.62,199468,62407.21057
Brunei,Asia,1987,73.2,235357,53585.90355
Brunei,Asia,1992,74.471,273701,49174.40543
Brunei,Asia,1997,75.465,313563,48967.3126
Brunei,Asia,2002,76.315,350898,48906.34894
Brunei,Asia,2007,77.118,386511,48014.58767
