country,continent,year,lifeExp,pop,gdpPercap
Turkmenistan,Asia,1992,63.304,3848424,3961.890968
Turkmenistan,Asia,1997,62.928,4267070,2631.317995
Turkmenistan,Asia,2002,62.384,4688963,3359.352561
Turkmenistan,Asia,2007,63.169,5136262,4889.249837
