country,continent,year,lifeExp,pop,gdpPercap
Armenia,FSU,1992,68.663,3378331,1442.937796
Armenia,FSU,1997,70.377,3059000,1791.34719
Armenia,FSU,2002,71.403,3013818,2692.304039
Armenia,FSU,2007,71.965,2971650,4942.543911
