country,continent,year,lifeExp,pop,gdpPercap
Kazakhstan,FSU,1992,65.359,16542063,5919.908968
Kazakhstan,FSU,1997,62.959,15484518,4709.057407
Kazakhstan,FSU,2002,64.878,15077224,6667.304371
Kazakhstan,FSU,2007,66.996,15284929,10312.77139
