country,continent,year,lifeExp,pop,gdpPercap
Malta,Europe,1962,68.896,329011,2250.881414
Malta,Europe,1967,69.456,318573,2878.912966
Malta,Europe,1972,70.648,319430,4129.491285
Malta,Europe,1977,72.167,332066,7348.855744
Malta,Europe,1982,73.547,360222,9683.25022
Malta,Europe,1987,75.039,349047,11105.42748
Malta,Europe,1992,76.274,365897,14745.5202
Malta,Europe,1997,77.402,382953,18048.17488
Malta,Europe,2002,78.617,393515,20162.82658
Malta,Europe,2007,79.44,401880,21711.72686
