country,continent,year,lifeExp,pop,gdpPercap
Moldova,Europe,1950,58.4,2336432,2752.304469
Moldova,Europe,1992,67.276,4448083,2839.94394
Moldova,Europe,1997,66.75,4441779,1830.29436
Moldova,Europe,2002,67.922,4434547,1933.647251
Moldova,Europe,2007,68.865,4480560,2604.750526
