country,continent,year,lifeExp,pop,gdpPercap
Azerbaijan,Asia,1992,65.623,7413618,3455.542969
Azerbaijan,Asia,1997,66.328,7695123,1943.285094
Azerbaijan,Asia,2002,66.844,7798497,3059.179927
Azerbaijan,Asia,2007,67.487,8017309,7708.61119
