country,continent,year,lifeExp,pop,gdpPercap
Macao, China,Asia,1972,66.42,261202,9344.183089
Macao, China,Asia,1977,69.43,249116,12941.18511
Macao, China,Asia,1982,74.03,270811,15856.61506
Macao, China,Asia,1987,76.04,322983,18701.7828
Macao, China,Asia,1992,77.3,375382,22917.23203
Macao, China,Asia,1997,78.809,417129,23790.48933
Macao, China,Asia,2002,79.982,437794,24755.47297
Macao, China,Asia,2007,80.718,456989,54589.82024
