country,continent,year,lifeExp,pop,gdpPercap
Maldives,Asia,1972,51.44,122681,719.3213789
Maldives,Asia,1977,54.58,140721,698.0381402
Maldives,Asia,1982,57.137,164210,985.4992676
Maldives,Asia,1987,59.637,194783,1674.197279
Maldives,Asia,1992,60.989,232026,2261.799787
Maldives,Asia,1997,63.413,274366,2945.765301
Maldives,Asia,2002,65.584,320165,3643.831807
Maldives,Asia,2007,68.464,369031,5166.82166
