country,continent,year,lifeExp,pop,gdpPercap
Qatar,Asia,1972,62.061,131794,81068.89506
Qatar,Asia,1977,64.956,188947,71615.82982
Qatar,Asia,1982,67.049,252300,57679.6388
Qatar,Asia,1987,68.369,402134,40870.69142
Qatar,Asia,1992,69.937,529399,41781.67545
Qatar,Asia,1997,71.895,667336,52938.65287
Qatar,Asia,2002,74.256,793341,60016.00239
Qatar,Asia,2007,75.588,907229,82010.97804
