country,continent,year,lifeExp,pop,gdpPercap
Tajikistan,Asia,1992,63.372,5600694,1992.226462
Tajikistan,Asia,1997,64.26,6070759,898.4787457
Tajikistan,Asia,2002,65.884,6719567,1158.352685
Tajikistan,Asia,2007,66.67,7484274,1562.447949
