country,continent,year,lifeExp,pop,gdpPercap
Timor-Leste,Asia,1992,49.156,796343,2577.986234
Timor-Leste,Asia,1997,54.379,918738,3756.341652
Timor-Leste,Asia,2002,58.274,952618,2726.030509
Timor-Leste,Asia,2007,60.839,1084971,2285.738011
