country,continent,year,lifeExp,pop,gdpPercap
United Arab Emirates,Asia,1972,62.195,336325,12703.61046
United Arab Emirates,Asia,1977,66.238,683672,53335.17575
United Arab Emirates,Asia,1982,68.627,1203634,47211.4006
United Arab Emirates,Asia,1987,71.339,1778365,29327.0588
United Arab Emirates,Asia,1992,73.657,2048857,30084.23648
United Arab Emirates,Asia,1997,76.186,2254266,29989.44848
United Arab Emirates,Asia,2002,77.806,2445989,28728.96185
United Arab Emirates,Asia,2007,78.672,2642566,36953.68369
