country,continent,year,lifeExp,pop,gdpPercap
Suriname,Americas,1972,64.04,381410,5504.437533
Suriname,Americas,1977,65.1,360780,6622.717308
Suriname,Americas,1982,67.566,359611,6061.25039
Suriname,Americas,1987,68.242,382559,5508.173487
Suriname,Americas,1992,68.608,402943,5974.263637
Suriname,Americas,1997,68.976,420899,5589.341453
Suriname,Americas,2002,69.126,433682,6070.681316
Suriname,Americas,2007,70.199,439894,7987.271406
