country,continent,year,lifeExp,pop,gdpPercap
Georgia,FSU,1967,66.654,4564785,3029.799086
Georgia,FSU,1972,68.158,4786475,3741.226071
Georgia,FSU,1977,69.634,4963464,5086.053989
Georgia,FSU,1982,69.638,5101213,6359.829881
Georgia,FSU,1987,70.45,5239970,6514.539988
Georgia,FSU,1992,70.465,5355289,2393.030934
Georgia,FSU,1997,70.49,4883476,2085.641338
Georgia,FSU,2002,70.476,4728357,2637.562323
Georgia,FSU,2007,70.987,4646003,4386.560389
