country,continent,year,lifeExp,pop,gdpPercap
Uzbekistan,FSU,1992,66.213,21614451,1682.500513
Uzbekistan,FSU,1997,66.503,23596577,1513.434589
Uzbekistan,FSU,2002,66.482,25563441,1724.295507
Uzbekistan,FSU,2007,67.166,27780059,2211.158851
