country,continent,year,lifeExp,pop,gdpPercap
Fiji,Oceania,1962,56.494,421869,2039.393277
Fiji,Oceania,1967,58.607,485000,2170.073285
Fiji,Oceania,1972,60.642,544000,2797.759484
Fiji,Oceania,1977,62.669,599339,3182.5696
Fiji,Oceania,1982,64.683,658906,3209.257468
Fiji,Oceania,1987,66.626,719574,2974.850227
Fiji,Oceania,1992,66.575,750242,3410.28604
Fiji,Oceania,1997,66.836,797890,3643.629208
Fiji,Oceania,2002,67.832,856346,4004.481972
Fiji,Oceania,2007,68.774,918675,4118.158294
