country,continent,year,lifeExp,pop,gdpPercap
Samoa,Oceania,1977,58.658,152748,3311.515919
Samoa,Oceania,1982,61.167,158084,3301.912004
Samoa,Oceania,1987,63.659,166575,3642.570512
Samoa,Oceania,1992,65.978,174011,3354.370018
Samoa,Oceania,1997,68.381,180418,3734.023494
Samoa,Oceania,2002,70.033,178631,4435.874667
Samoa,Oceania,2007,71.454,176615,5143.615471
