country,continent,year,lifeExp,pop,gdpPercap
Solomon Islands,Oceania,1967,52.964,151000,1304.598869
Solomon Islands,Oceania,1972,55.506,174500,864.9742531
Solomon Islands,Oceania,1977,58.005,207339,1169.543666
Solomon Islands,Oceania,1982,58.736,250516,1467.396037
Solomon Islands,Oceania,1987,55.785,300694,1783.648762
Solomon Islands,Oceania,1992,58.27,358713,2109.894257
Solomon Islands,Oceania,1997,60.708,424265,2252.491044
Solomon Islands,Oceania,2002,62.274,494786,1530.496068
Solomon Islands,Oceania,2007,63.57,566842,1829.317402
