country,continent,year,lifeExp,pop,gdpPercap
Cyprus,Europe,1972,71.41,626300,7624.588571
Cyprus,Europe,1977,73.7,598400,8898.469477
Cyprus,Europe,1982,75,624300,11663.93819
Cyprus,Europe,1987,76.136,659400,14634.94796
Cyprus,Europe,1992,76.826,707285,18364.49845
Cyprus,Europe,1997,77.95,743728,20409.22897
Cyprus,Europe,2002,78.957,767314,23683.60331
Cyprus,Europe,2007,79.035,788457,26002.87197
