country,continent,year,lifeExp,pop,gdpPercap
French Polynesia,Oceania,1967,59.191,102756,14244.02282
French Polynesia,Oceania,1972,60.926,124000,14567.15624
French Polynesia,Oceania,1977,62.427,138156,16682.10682
French Polynesia,Oceania,1982,66.234,160416,19673.48757
French Polynesia,Oceania,1987,68.211,185839,23454.40806
French Polynesia,Oceania,1992,70.182,212174,24021.20192
French Polynesia,Oceania,1997,71.821,235770,22634.06126
French Polynesia,Oceania,2002,73.01,257847,25224.32969
French Polynesia,Oceania,2007,74.057,278633,26766.84485
