country,continent,year,lifeExp,pop,gdpPercap
New Caledonia,Oceania,1967,60.18,96094,20213.73265
New Caledonia,Oceania,1972,61.2,125500,32001.30686
New Caledonia,Oceania,1977,65.75,136000,30062.77613
New Caledonia,Oceania,1982,68.35,145000,24831.14901
New Caledonia,Oceania,1987,69.98,158737,24837.87139
New Caledonia,Oceania,1992,71.48,175612,36383.17017
New Caledonia,Oceania,1997,72.723,192347,36147.48534
New Caledonia,Oceania,2002,75.082,207858,32977.87344
New Caledonia,Oceania,2007,76.058,221943,31278.34502
