country,continent,year,lifeExp,pop,gdpPercap
Tonga,Oceania,1977,66.742,90593,2116.113121
Tonga,Oceania,1982,67.968,92201,3287.049023
Tonga,Oceania,1987,69.17,93982,4088.357279
Tonga,Oceania,1992,70.026,92094,4070.074698
Tonga,Oceania,1997,71.145,97399,4432.969328
Tonga,Oceania,2002,72.269,106137,5084.223947
Tonga,Oceania,2007,73.312,116921,5063.975838
