country,continent,year,lifeExp,pop,gdpPercap
Vanuatu,Oceania,1977,57,106000,2605.687985
Vanuatu,Oceania,1982,60,123745,2834.89007
Vanuatu,Oceania,1987,61.86,142207,3251.274545
Vanuatu,Oceania,1992,65.08,161399,3443.42446
Vanuatu,Oceania,1997,66.462,179428,3840.467248
Vanuatu,Oceania,2002,68.406,196178,3234.458141
Vanuatu,Oceania,2007,70.038,211971,3656.907161
